Site.ID,RefNo
9565,1141120063802
50047,4146160350900
9566,5141240714100
9636,8141350411501
8883,8141351262000
50739,10146141679402
"Chinese Director HR, H#204-B",15141121096800
50247,15141121107201
50966,24141192910701
8899,24142122892500
9298,24142133000400
8604,24142133007400
51222,24142133013801
52175,24142133075518
8087,24142163215500
50737,24143547327206
52095,24143577368602
51567,24143577369513
9292,24143577383604
52098,24143577385104
8187,28143144489300
8444,28144328481900
53328,28146459860102
52857,28146459860901
8490,28146459862601
3334,28146459862602
